{
    "ADJ": 0.08994587860513557,
    "ADP": 0.11256363885484164,
    "ADV": 0.04277650122491988,
    "AUX": 0.0,
    "CONJ": 0.0,
    "CCONJ": 0.026041534183090548,
    "DET": 0.0847223376835145,
    "INTJ": 0.000883247860484573,
    "NOUN": 0.2551682536112376,
    "NUM": 0.022614473556116076,
    "PART": 0.027823742781454084,
    "PRON": 0.03546501313872777,
    "PROPN": 0.003162143515745468,
    "PUNCT": 0.128717629761165,
    "SCONJ": 0.0,
    "SYM": 0.0020240067625982468,
    "VERB": 0.16682584912369422,
    "X": 0.0012657493372748676,
    "SPACE": 0.0
}